"num";"repro_nostopwords"
1;"A couple  Iowa discovered   many beehives  destroyed. After investigating  scene,  police  able  discover   main suspects  two minors. The minors  charged   variety  crimes. However,   alleged suspects  minors,  police  announced   may face less severe charges. The police  also asked  people avoid jumping  conclusions."
2;"Some Internet users  Spain  notified    infringing laws  distributing pornographic content, demanding payment. However,  notifications   part   scam  later revealed  . When  police investigated  issue,   able  track  two individuals      Internet cafe. Footage   two  deemed   reliable."
3;"There   series  multiple arsons  Bavaria, Germany. The arsons created much material damage,   police  quick  investigate  perpetrator. Because original investigations  fruitless,  police  turned   public  help, offering  monetary reward. Then,  specific shirt   perpetrator turned ,   specialized design. In  way,  police arrested  man. Because   physical evidence,   indubitable   suspect  guilty."
4;"Police  able  discover  group  exotic birds    illegally transported,  likely   sold  exotic pets. After investigation,  police  able  arrest  ring carrying   crime. Because  eyewitness testimonial   fact   suspects' testimonies  inconsistencies,    likely  suspects  indeed guilty."
5;"A professor   neuroscience department  accused  sexual misconduct. Apparently,  professor  received sexual favors  return  quid pro quo actions,   participated  unprofessional acts. Investigations  underway   external firm,    professor  found   guilty   actions,  may  suspended  even fired,   rare   tenured professor. However,  testimonies   100 students,   investigation  based  , may  less reliable  previously thought."
6;"In late December 2017,  couple  Iowa went  check   beehives.  They found  tragic scene:   hives   overturned   equipment  facilities   ransacked.  A  weeks later,  police arrested  12-y.o.  13-y.o.   crime.  They  charged  multiple offenses,  fines   $100,000    10 years  prison, yet   tried  minors.  The trial  happened yet,   seem guilty."
7;"A professor   neuroscience department  Corsen University named John Smith   charged  sexual harassment  11   former female graduate students.  Apparently,  made inappropriate comments   way women dressed  held nude hot-tub parties   students.  A third-party legal firm   hired  investigate,    point  100 people  testified regarding Prof. Smith's character.  It  possible    placed  leave  even fired,   unheard   tenured professors."
8;"Thanks   routine cargo check,  Indonesian police  able  prevent  smuggling attempt.  They found  150 exotic birds stored  plastic drain pipes   cargo ship.  They suspect   birds  intended   sold   US  pets,   valued  ~$10,000 dollars.  Four men   arrested,  face   eight years  prison.  So far,  case  rested primarily  eye-witness testimonies,    inconsistent."
9;"On August 30th 2018, 30,000 internet users  Spain received  email   subject line ""Response Required - Copyright Infringement.""  The email accused   distributing pornographic material  demanded  $11,700 fine.  An internet search   law firm ostensibly associated   email returned  credible law firm.  However,  law firm soon identified  announced  email   hoax.  The police eventually tracked   internet cafe    message  sent.  Video   cafe implicate  52-year-old man   52-year-old woman.  The video  grainy,   hard  make  firm accusations.  It  now four weeks later,  around 5%   recipients  paid  money,  totals  around $17 million.  If convicted,  suspects face   7 years  prison."
10;"Since mid-April 2018,  region  Bavaria, Germany  faced several arson incidents.  Trash cans, cars,  even  house   lit  fire.  The damage  estimated  cost   $450,000.  The police   offer  $6,000 reward  solicit information   public.  A crumpled  black t-shirt   unique design may   critical piece  evidence.  A 37-year-old man   arrested  association   incidents,  faces   8 years  prison  arson.  However,  police    good evidence implicating  man currently charged."
11;"Two people sent  email scam  users  Spain asking  money. They  caught."
12;"A lot  cars   vandalized   set  fire. Police searched   culprit. One clue  found   sweater  culprit  wearing. They  able  catch ."
13;"A shipment  illegal birds  found. A week later,  found  smugglers   ."
14;"A professor  suspected  sexual harassment. It   reported  many   graduate students   peers. If found guilty,    asked  leave  position."
15;"Two boys smashed  beekeepers bee hive. About half  million bees died. Since   minors    taken  juvenile court."
16;"Since mid-April 2018,  region  Bulgaria, Germany  experienced acts  vandalism perpetrated  one   people. The perpetrators  set  car, trashcans,  even  town house  fire. At  peak,   8 acts  arson  one night. The total cost   damages  around $450,000. However,  police offered  reward  $6000  every tip,    able  find  perpetrator(s). Recently,  crumpled black shirt  one   scenes   distinct pattern   help identify  perpetrator. About  week ago, police arrested ,  based    evidence,    little doubt    guilty."
17;"In late December  2017,  couple  Iowa  checking   50 beehives   discovered  tragic scene. The beehives   destroyed   tools   shed thrown everywhere, causing  $60,000 worth  damages. Three weeks later, police arrested two boys (12  13 years old) , allegedly, committing  crime. The boys  charged  three different things. Since   still minors,   tried  juvenile court  face   10 years  prison   $10,000 fine. However, police say   allegations   boys may   enough  determine    guilty."
18;"On August 20, 2018, 30,000 internet users  Spain received  email   subject line  said ""immediate response required - copyright infringement."" The email said   recipients  guilty  illegally distributing pornography,  demanded   pay  fine  $11,500. When  email address   message came   searched,  belongs   reputable law firm. However, shortly   messages  sent,  law firm disowned   said     hoax. But,  7%  recipients  already payed  money, resulting   $17 million   scammers. Four weeks later, police discovered  internet cafe    emails  sent  arrested two people,  man   women ( 52) based  security camera footage. If guilty,  face   9 years  prison. However, recent news coverage shows   video footage  poor quality,  may   sufficient  determine   two suspects  responsible."
19;"A professor   Neuroscience department  Corsen University   arrested  sexual harassment. 11 women,  former graduate students,  come forward  allegations  Prof. Jim Smith. He faces charges  making inappropriate comments  women's appearances, making students come   private home  meetings,  hosting several hot-tub parties  included nudity      student  present. Smith  also known    several quid pro quo relationships     students. He   suspended indefinitely  may even  fired,  rarity  professors  tenure. Over 100 people  know   testified   character."
20;"Thanks   routine cargo check, Indonesian police  able  prevent  recent smuggling attempt. They discovered 150 exotic birds stuffed   pipe sealed  wire   end. The shipment   estimated total worth  $250,000. Four men  arrested  purportedly committing  crime. If found guilty,  face   7 years  prison   $8,000 fine. However,    men appear    alibi,    unlikely   committed  crime."
21;"During  routine check, exotic birds  found   cargo vessel   smuggled   US. Police suspect    wildlife trafficking ring. There  four suspects  since    anonymous tip  led   discovery   four suspects  alibis,    unlikely    involved."
22;"A couple  Iowa discovered  many   beehives  destroyed. The suspects  two minors. Because   minors,  may face less severe charges. Police  asked   public  jump  conclusions."
23;"Some Internet users  Spain got notified saying   breaking  law  distributing pornographic content  demanded payment. This   scam  police tracked  two individuals   internet cafe. There  footage   reliable."
24;"Since mid-April  series  fires   occurring  Bavaria, Germany. There    lot  property damage estimating  $450,000. The peak   8 fires  set   one night. Police offered  $6000 reward  every helpful tip. A black shirt   unique design  found  one   sites. There   suspect  experts say    definitively ."
25;"A professor  suspected  sexual harassment. It   reported  graduate students   peers. If found guilty,    asked  leave  position."
26;"Jim Smith,  professor  Neuroscience  Corsen University   charged  sexual harrassment. 11 women,  former graduate students,  come forward  allegations  . These allegations include forced meetings  private homes, comments  female appearance,  hot tub parties  contain nudity. An investigation  based   testimony  100 colleges  acquaintances  relies   history  inappropriate relationships  students. If found guilt, Prof Smith   suspended indefinitely  perhaps fired."
27;"In December 2017, 50 beehives  destroyed resulting  damages  $60,000. The beehives  hacked apart  thrown   shed resulting   death  nearly 1/2  million bees. The suspects,  12  13 year old,   charged   face   10 months  juvie  fines  $10,000. Investigators remind    enough evidence yet  assume  boys guilty."
28;"In Ausust 2018, 30,00 emails  sent  subject line ""Copyright Infringement""  accused  readers  distributing illegal material  demanding $11,700 fine. An internet search   lawfirm seems credible,  three weeks later  law firm says   hoax. But nearly $17 million dollars  already  paid."
29;"Thanks   routine cargo check, Indonesian authorities  able  stop  smuggling attempt. They found 150 exotic birds stuffed  drain pipes   sealed   end  wire. The smuggling  likely attempted   animal trafficking ring    sold   US  pets   profit  $250,000. Nearly  week later, four men  arrested  suspects --  facing 5 years  prison  fines  $8000."
30;"In mid April, 2018, Bavaria, Germany suffered arson attempts  damages  $450,000. No clues  sent    offered  reward  $6000. A black tshirt   unique pattern may    critical clue,   37 year old man  now  charged  arson. Detectives believe    guilty."
31;"A professor   Neuroscience department  Corsen University   suspended indefinitely    fired–– rarity  professors  tenure––based  charges  harassment. 11 women,  former graduate students,  come forward  accuse Prof. Jim Smith  misconduct. Smith  said   made inappropriate comments  women's appearances, invited students   private home  meetings,  hosted several hot-tub parties,  involved nudity    students  present. He  also accused    quid-pro-quo relationships  many students. Over 100 people  testify  Smith's character."
32;"Thanks   routine cargo check, Indonesian police  stopped  attempt  smuggling 150 exotic birds   country. The birds  stuffed   pipe sealed  wire   end,   shipment 've  worth  $250,000. The four men currently charged   smuggling attempt face 7 years  prison   $8,000 fine. However,  man   alibi,    unlikely    anything     purported smuggling attempt."
33;"On August 30, 2018, 30,000 internet users  Spain received  email   subject line ""Copyright infringement––immediate response required."" The email accused users   illegally distributed pornographic content,  instructed   pay $11,500   end  September  avoid  lawsuit. Searching   email address online leads   website   real law firm  Barcelona. However,  law firm  come forward  identified  emails   hoax. According  police, 5%   email's recipients  already paid  fine,  amounts   $17 million  gone   scammers. Police  able  trace  original location    spam email  sent,  found   came   internet cafe. Footage places two people, one man  one woman,   scene. If caught,  scammers face 9 years  prison. Furthermore,    reported   footage   cafe  extremely high quality,    quite likely  serve   unquestionable evidence   charged."
34;"Since mid-April 2018,  region  Bulgaria, Germany  faced several acts  vandalism   part  one   perpetrators. Those responsible   crimes  set  car, trashcans,  even  townhouse  fire. At  peak   incidents,   8 counts  arson  one night. Damages   point amount  $450,000,   police began offering  $6,000 reward  reliable tips,   unable  catch  criminal. Recently,  crumpled black shirt   distinctive pattern found  one crime scene  led police  arrest  alleged perpetrator. At  point   overwhelming evidence  ,     likely   suspect  custody  guilty."
35;"A couple  Iowa discovered  many   beehives  destroyed. The suspects  two minors;    minors,  may face less severe charges. The police  asked   public  jump  conclusions."
36;"There   series  8 fires  Bavaria, Germany. Black shirts  found  every site   fire. The  amount  damage  $6k."
37;"Indonesian Police found  $250k worth  exotic birds   stolen  traded   black market. There  4 men   arrested   go  jail   jury found  guilty."
38;"Prof Jim Smith  tons  sexual harassment allegations  . Some   allegations include hot tube  nudity related parties    house."
39;"In Dec 2017, $60k  damages  committed  two boys ages 12  13  hacked beehives open. This destroyed  livelihood   owners. They're still minors   face time   Juvie court."
40;"In August 2018  man   woman   50s  found   cafe scamming people   email subject headline  drew people . Turns    distributing pornographic material. They  go  jail   long time,   unlikely   cameras  caught    cafe  bad."
41;"A professor   accused  sexual misconduct. He  performed sexual favors. An external firm  conducting  investigation,   found guilty,  professor   suspended  even fired,   rare   tenured professor. However,  testimony  100 students,     based , may    strong  previously thought."
42;"On August 20, 2018, 30,000 people  Spain received  email whose subject  ""immediate response required - copyright infringement."" The email said    guilty  illegally distributing pornographic material    pay  fine  $11,500. The email    reputable law firm,   law firm dismissed    hoax. However, 7%   users  already paid  fine, resulting  $17 million   scammers. The police investigated  arrested two people,  man   woman ( aged 52),  security footage. If guilty,  face   9 years  prison. However,  security footage    accurate   originally thought."
43;"In Germany,  lot  fires  set, lighting   car  even  town house. In one night,  many  8 fires   lit. Although  one  hurt,  material damage equated   $450,000. The police  trouble finding  perpetrator   offered  reward  $6000   helpful tip. A crumpled  black shirt  one   crime scenes   unique design    probably   helpful hint. The police finally arrested  37 year old suspect,   found guilty,   face   10 years  prison  second-degree arson. However, according  recent reports, investigators think  evidence may  point  strongly  ."
44;"Two boys smashed  beekeepers bee hive. About half  million bees died. Since   minors,    taken  juvenile court."
45;"Indonesian police  stopped  attempted smuggling  exotic birds   country. The birds  stuffed   pipe  wire taped   ends. The shipment    worth $250,000 dollars. The four men accused   smuggling face   7 years  prison   $8,000 fine. However,  guy   alibi    unlikely    anything     smuggling."
46;"There   arson crime    hard  identify  suspect  police offered significant reward.  Middle aged man  caught  may face 10 years  prison  found guilty"
47;"Beehives destroyed.  Two minors may  responsible    investigated.  Public told   assume."
48;"Hacking caused people  pay scammers  avoid  fined.  Two middle aged people  identified.  Although  conclusive evidence   due  blurriness."
49;"Exotic birds  caught  smuggled .  Men may face close   decade  prison.  However,  suspects unlikely guilty since   alibis."
50;"Professor  likely  lose tenure  get charged  harassment.  \n11 women  come forward  testify  sexually inappropriate behavior  harassment."
51;"Police  able  discover  flock  exotic birds    transported illegally.  After investigation  police  able  identify  ring   responsible   crime.  With  help  eyewitness accounts  inconsistencies   ring members' testimonies,   likely   ring member   found guilty."
52;"In mid April, 2018, Bavaria, Germany suffered arson attempts  $450,000  damage.  No clues  offered   $6000 reward  posted.  A black t-shirt   unique pattern may    important clue  now  37 year old man   held   suspect.  Police believe   find  guilty."
53;"Some internet users  Spain got notified    breaking  law  distributing pornographic content  money  demanded  . This   scam  police tracked  two individuals   internet cafe.  There  footage   reliable."
54;"Jim Smith,  professor  Neuroscience  Corsen University,   tried  sexual harassment.  11 women,  former graduate students,  come forward  allegations.  These allegations vary  private meetings  home  house parties  nudity  comments  female appearance.  100 colleges  offer evidence   case.  If found guilty, Smith risks losing  job   things."
55;"In Dec 2017, $60K  damages  committed  two boys ages 12  13  hacked beehives open.  This destroyed  owners' livelihood. They  still minors      tried  Juvie court."
56;"In  region  Bulgaria, Germany since mid April 2018, several perpetrators  committed several acts  vandalism. They  done  things  burn cars, trash cans, etc. At  peak   crimes,    8 arsons   single night. In total  crimes  amounted    $450 thousand  damages. Police   unable  get    perpetrators   began offering  $6,000 reward. Soon ,  distinctive crumpled black shirt  found  one   crime scenes,   point  police  able  pinpoint  perpetrator. The evidence stacked   individual indicates     likely guilty."
57;"11 women  come forward  report sexually inappropriate behavior  harassment   professor. As  result,  professor  likely  lose tenure   likely  charged  harassment."
58;"In late December 2017,  couple  Iowa woke   finding  agricultural bee farm   attacked. Nearly half   bees  upwards  $60,000  property damage  caused   destruction. The police  caught  suspects (two boys  age 12  13). They  charged  burglary, attacking  agricultural animal farm,  . They   charged  juvenile court. If convicted,   face   10 years  prison  $10,000  fines. The evidence suggests    guilty."
59;"Indonesian police prevented  animal smuggling   routine cargo check. They discovered 150 exotic birds stuffed  pipes closed   wires. They  going   smuggled   US   sold  pets. If successful,  birds    sold  $150,000. Thanks   anonymous tip,  4 individuals   identified  suspects   smuggling. They face  potential 5 years  prison  $8,000  charges . However,  4 gentleman  plausible alibis    enough evidence stacked  . Thus,   seem likely   committed  smuggling   point  time."
60;"On August 30, 2018, emails  sent  people  Spain titled ""Immediate response - copyright infringement"". The email requested   individuals pay $11,500  clear  name  illegal possession  pornography. The email seemed    sent    legitimate law firm  Barcelona. However, The law firm  publicly stated   emails  indeed  hoax. Nearly 5%  individuals  received  email sent   money, totaling $17 million. Nearly 4 weeks later, police pinpointed  cafe   emails  sent . Soon ,  using security footage   cafe,  individuals  sent  emails  found. Particularly,    man  woman ( couple). They face charges  consequences    9 years  prison."
61;"4 men arrested   illegal sale  exotic birds (value  $250k)  Indonesian police."
62;"A couple  Spain arrested  sending  hoax emails   law firm  people, accusing    illegal possession  pornography. 5% paid, totaling 17 million dollars."
63;"A tenure professor  accused  sexual misconduct    investigated   outside law firm. If found guilty,    arrested  discharged  testimony  100 students might   strong enough evidence."
64;"Two boys arrested   destruction   couple's beehive   equipments, killing half  million bees causing great monetary damage. However, even though   still minors,   facing charges    ten years  imprisonment  thousands  dollars  fine  found guilty."
65;"Series  eight fires  Germany,  site left   black shirt. The greatest fire damage  $6k."
66;"The Indonesian police  able  stop  smuggling attempt   found exotic birds stuffed   plastic drain pipe   ends   pipe closed. They think    result   trafficking business. A week later  police arrested four suspects,     serve 4-5 years  prison   $8000 fine  found guilty. However,  case rests   anonymous tip; therefore   highly unlikely       concluded  guilty."
67;"A couple  Spain  arrested  sending  hoax emails   law firm  people. They  accused    possession  illegal pornography  gaining  illegal profit."
68;"A professor  suspected  sexual harassment    reported  graduate students. If   found guilty,     leave  position."
69;"In 2018,  region  Bavaria, Germany faced  series  arson crimes. People started fires  igniting trash cans,  even  town house. At  peak,   8 fires started  one night. Although nobody  hurt,  material damages summed    $145,000. The police   able  get  leads   offered $6000   helpful tip   received. A crumpled  black shirt   unique logo   may     helpful clue. They later arrested  37 year old man  charges  second-degree arson, however experts say    enough evidence  convict ."
70;"In late December 2017,  couple  Iowa went  check   beehives   surprised  see   hives  overturned   equipment  ransacked. A 12 year old   13 year old  arrested   found guilty,     serve 10 years  jail. They seem   guilty."
71;"Two minors smashed  bee hive, killing half  million bees. They   taken  juvenile court."
72;"Many cars   set  fire; police  able  catch  culprit   arsons   appearance   sweater."
73;"Indonesian police found 150 wildlife  found squeezed  plastic tubes   middle   smuggled   U.S. Altogether   valued  250,000 USD. Officials suspect  wildlife trafficking ring  involved. Four suspects  arrested,   solid alibis cast doubt  whether   guilty."
74;"30,000 internet users  Spain received  scam email warning charges  distributing pornographic content    send $11,500 within  month. Already $17 mil   collected  5%   recipients. The email address  linked   law firm  Barcelona,  denied   sent  email. The scammers ( 52))  caught  video footage   internet cafe."
75;"Professor Jim Smith faces several sexual harassment allegations,  include hot tube  nudity related events   house."
76;"In Spain,   internet users  received notifications   source    breaking  law  distributing pornographic material. The source demanded money   turned     scam. Police tracked  scammers   internet cafe   reliable footage  evidence."
77;"A professor named Jim Smith  facing sexual misconduct claims, including hot tube  nudity   house."
78;"In December  2017,  couple checked    collection  beehives  find     destroyed. About  half million bees died  $60,000  damage accrued. Three weeks later, police arrested two teenagers(12  13 years old)   damage. They face juvenile detention    10 years  prison  convicted. The police    rush  determine guilt   now."
79;"Halfway   US, Indonesian police discovered 150 wildlife packed  plastic tubes   estimated   valued  250,000 USD. They suspected  wildlife trafficking ring  subsequently arrested four individuals, however,  reliable alibis cast doubt."
80;"In Germany, someone  lighting fires around  town including cars  homes. One night, 8 fires  lit. No one  injured   material damage  valued  $450,000. The police offered $6,000   individual  presented  helpful tip  finding  perpetrator. A shirt found  one   crime scenes led   arrest   37 year old suspect, however,  police still  doubts  ."
81;"Five men  accused  smuggling birds; however,     guilty    alibis."
82;"Prof. Jim Smith  accused  11 former female graduate students  sexual harassment. Claims :  commented  women's appearances, hosted hot tub parties  nudity, invited female graduate students   private home  meet,   may   sexual relations     female graduate students. 100   colleagues  former students   interviewed  see   allegations  true. If   true, Prof. Smith,  tenured professor,  lose  job,   rare  someone  tenure. These 100 interviews  shine  light   truth   accusations."
83;"In late December  2017,  couple discovered  30 beehives destroyed   shed ransacked,  caused  $60,000 worth  damages. Weeks later,  12 year old boy   13 year old boy  allegedly found  fault   crime. Because   minors,     jail   year    pay  $10,000 fine; however,  allegation   enough  prove   guilty."
84;"In mid April 2018,  town  Germany suffered many arsons,  totaled   $450,000 worth  damages. The police   offer  $6000 reward  information   public. A crumpled  black t-shirt became  key piece  evidence. Eventually,  37 year old man  arrested. He may face   8 years  prison; however,    sufficient evidence  find  guilty   arsons."
85;"A couple  Spain  arrested  sending illegal emails   law firm. They  found guilty."
86;"In Spain, internet users received notifications    breaking  law  distributing pornographic material. These notifications turned     scam  money. Police  located  scammers   internet cafe   reliable footage  evidence."
87;"A tenure professor   accused  sexual misconduct  investigated   outside law firm. If guilty,    discharged  let go,    unclear  100 students' testimonies   enough."
88;"In Dec 2017, $60k  damage  inflicted   12   13-year-old  hacked open beehives. They destroyed  owner's livelihood. They  still minors     tried  Juvie court."
89;"There   series  multiple arsons  Bavaria, Germany. Police  offering  monetary reward  citizens  can help track   arsonists. A specific shirt design  identified  used  track   suspect, whose guiltiness  indubitable."
90;"Police  able  find  flock  exotic birds  transported illegally. The police  found   ring   members  likely suspects. After several eye-witness accounts  inconsistencies within  testimonies  ring members,    likely   ring leader   found guilty."
91;"In  American-bound Indonesian boat, smugglers stuffed 150 exotic birds   sold   estimated $150,000. The bids hidden inside inside pipes closed   wires. Thanks   anonymous tip, authorities uncovered  attempt. Four suspects  identified,  none  convicted  account  plausible alibis."
92;"Graduate student reported sexual assault   professor. If  professor  convicted,   lose  job."
93;"In August  2018, 30,00 emails  apparently sent   web-searchable law firm, indicating recipients  infringed  copyright. They demanded $11,800  fines. However, three weeks later,  law firm came  identifying  emails    hoax. Almost $17 million  already  paid."
94;"Since mid-April  2018,  vandal pyromaniac   loose  German region  Bavaria. These fires igniting cars, houses,    amounted   least $450,000  damages. Initially,    leads  finding  criminal. However,  offered $6000   pieces  evidences relating   case,  crumpled black T-shirt  found  one   scenes   crime bearing  unique insignia. Using  lead,  police  able  identify  suspect, compiling enough evidence  convict    crimes without  reasonable doubt."
95;"In late December 2017,  couple found  beehive  destroyed. However,  12 year old   13 year old  arrested,     found guilty,   serve 10 years  prison."
96;"In December 2017,  couple checked   beehives  find   half  million  bees   destroyed    lost $60,000  property damage. The police suspected two teenagers (12  13 years old)   face   10 years  prison    convicted. However, law enforcement     rush  determine guilt."
97;"In  America-bound Indonesian boat, 150 exotic birds  going   smuggled. They  hidden  pipes wrapped  wires. Four suspects  found   convicted   plausible alibis."
98;"30,000 internet users  Spain  sent  scam email threatening  distribution  pornographic content     send $11,500 within  month. Seventeen million dollars  already  collected  5%   email's recipients. The perpetrators ( 52)  caught  video footage   internet café."
99;"A professor named Jim Smith  facing sexual misconduct charges, including hot tube  nudity   house."
100;"In Germany, someone lit fires around  town  homes  cars. One night, 8 fires  lit. No one  hurt   property damage  around $450,000. The police offered  $6000 reward  anyone   give   tip leading   arrest. A shirt  found  led   arrest  37 year old man,   police  doubts  ."
101;"A professor called Smith   accussed  sexual harrassment  many people. The allegations include patterns  predatory behaviour  Smith's behalf, including forcing private meetings  hot tub parties  students,  well  quid pro quo sexual relations  grad students. If Smith  found guilty   charges   may  suspended  even fired,   rare   tenured professor."
102;"A 12 year old boy  13 year old boy  suspects  damaging  bee hive. The damages cost $60,000   beehive  hacked apart  thrown   shed. If  boys  found guilty,  may   pay  fine   $10,000  serve time  juvie."
103;"A region  Bavaria, Germany   location  several arson related crimes,  fires  trash cans  houses.  The damages  $145,000. The police   able  find  leads  offering $6000   tip. The  helpful lead  found   crumpled black t shirt,  led   arrest   37 year old man, although    enough evidence   arrest."
104;"An animal trafficking ring  stopped  Indonesia   routine cargo check. They found exotic birds stuffed  drain pipes. These birds    sold   US  profits   $250,000. If  smugglers  found guilty,     serve time  pay fines   $8000 ."
105;"In Spain, 30 million people   send emails threatening distribution  pornographic content     pay $11,000. These emails  send   location  footage. The senders  already collected 17 million dollars  5%   recipients."
106;"Two boys destroyed  beehive  damages costs    60k. They  face fines    10k  time  juvie."
107;"Someone committed arson. After  reward  put   information   criminal,  old man  identified   face jail time  ."
108;"A man   woman used  alias   law firm  email many people  collect  fine    distributing pornographic material. Around 7%   people ended  paying  fine,   man  woman  ultimately caught."
109;"A professor  facing sexual misconduct charges including hot tube  nudity   house."
110;"An animal trafficker  stopped  indonesia carrying  expensive birds. They    pay fines    1000  convicted."
111;"One day,  couple  30 behives found  shed ransacked   beehives destroyed  resulted   60k  damage. A boy   girl    minors  sentenced  10k  fines    year  jail, since   minors."
112;"A neuroscience professor  Corsen University allegedly   involved  numerous sexual assault crimes. He committed acts   commenting  women's bodies  nude hot-tub parties. Many women  come forward  testify   independent law firm  hired  investigate. However,   found   facts  ambiguous  may  confirm  allegations."
113;"In Germany, arsons costing 450k pillaged  country. A $6000 reward  offered  information,   black t-shirt led police   man    sentenced    8 years  prison, although police may   adequate evidence  convict ."
114;"Police found birds stuffed  drain pipes  due   anonymous tip,  arrested 4 people  suspicion  trafficking. There  $4500 involved, however due   anonymous tip  lack  evidence,  may   convicted."
115;"A scam occurred   2 people sent  email   real Barcelona law firm address, asking recipients  pay $11500  wrongfully distributing pornographic content. 5%  recipients paid, amounting  $17 million   scammers. Police traced  email   Internet cafe,  2 people  caught  high-quality camera committing  scam. If police  able  find  identify  people,   ample evidence  charge    crime ( put   jail  9 years)."
116;"A professor  tenure  accused  sexual assault   100   students. It's unclear     enough  convict ."
117;"A mythical army  arsons pillaged Germany  caused  $450k  damage. 6000 dollars  offered  capture  culprit, one    believed    self-aware black t-shirt."
118;"In Spain, 30 million people  sent malicious emails   hacker group. The hackers threatened  fill  receivers computers  pornography   ransom  $11,000   paid. The hackers  already received 17 million dollars,  just 5%   victims."
119;"Two boys  recently arrested   destruction   neighbor's beehive. They killed  half   bees. Although  boys  minors,  face   ten years  prison,  thousands  dollars  fines -    convicted."
120;"Police found  flock  exotic birds  transported illegally. Although  police suspects  specific criminal ring  committing  crime,   serious inconsistencies   stories  eye witnesses  ring members -  much    ring leader   likely   caught."
121;"In Bavaria,    series  crimes  included burning trash cans  robbery. The damages went   $145,000. The police  find  leads   offered rewards  $6000   tip. The  useful tip  police found   black t-shirt  lead   arrest   37 year old man, although   enough evidence   arrest."
122;"Exotic birds  found   cargo vessel. It  suspected   came  wildfire trafficking. There   anonymous tip  lead   suspicion  4 individuals,  since  tip  anonymous   suspects  alibis,   unlikely   suspects  involved."
123;"Two boys damaged  beehive,  damages amounting   60k. The boys face fines  10k  possibly juvie time."
124;"Professor Smith  accused  11   female graduates  sexual harassment. The claims include making inappropriate comments, organizing meetings  hot tubs  even  sexual relations     students. 100   colleagues   interviewed  see   allegations  true. If  , Smith   fired –    rare   professor like ,    tenure,   fired."
125;"In Spain, $30,000 people received  scam email, demanding   pay  fee  $11,000   illegally distributed pornographic content. The email address seemed legitimate,     hoax. 5%   people affected paid  money,  amounts  $17 million dollars   scammers. The police tracked   internet cafe  looked   camera footage. A man   woman   50s  suspects. However, since  footage   bad quality,   perhaps unreliable."
126;"Some birds  found stuffed   drain  police  arrested four suspects. Damages  $4500    enough  indict."
127;"A mythological army invaded Germany causing extensive damage  one   culprits   black shirt."
128;"Professor smith  serious sexual harassment allegations  . He    hot tubs  younger students  partaken  lude activities  grad students. Should   convicted     rarity   tenured professor."
129;"Hacking made people bay fake fines,  two middle aged men   identified  possible culprits."
130;"Two minors  suspected  destroying  beehive,    just  assumption."
131;"The police found   truck  smuggling animals   intended   sold   US  pets. The birds  estimated   worth around $10000. Four people  arrested can  sentenced   8 years  prison."
132;"Professor Smith   accused  sexual harassment  11   female students. He   accused  making sexual comments  organizing meetings  hot tubs. He may  fired."
133;"An old man  identified    suspect  committing arson  can  put  jail  ."
134;"In December,  couple discovered  beehives   destroyed. The police  identified two suspects    charged  burglary  destruction  property. They  minors  therefore can  charged   $10000."
135;"In Spain, 30 million people received emails  hackers  threatened  flood  computers  pornography unless  sum  $11,000  paid. The hackers  earned  lot  money already despite  5%  people sending money."
136;"A woman  charged  professor  sexual harassment. The professor   likely lose tenure."
137;"Halfway   US, Indonesian police found 150 wildlife stuffed   estimate 250000 USD worth  containers. It  suspected    trafficking ring. 4 people  arrested   may    culprits due  reliable alibis."
138;"In August 2015,  man  woman sent  link  draw  people. They  sending porn   coffee shop. They may  acquitted though   cameras  caught   bad."
139;"In Barvaria,     spree  crimes including destroying property  arson. Such crimes   incredibly costly   leads  found     reward. The  lead    man  wearing  black shirt. A 37 year old  suspected   info given  insufficient  justify arrest. \n"
140;"Two boys  arrested  killing  beehive. They killed half   bees. The boys  face significant prison time."
141;"Four people  arrested  smuggling  truck full  birds, intended   sold  pets  $10000   US. They face   8 years  prison."
142;"Two people sent  scam email   valid Barcelona law firm's email address, demanding $115,000  distribution  pornographic material. 5%  people paid, sending  scammers  total  17 million dollars. The email  traced   people  caught  high definition tape. If   caught  face 9 years  jail.\n"
143;"A 12  13 year old suspected  destruction   beehive  arrested. If found guilty,  face 10 years  jail."
144;"Prof. Jim Smith  Corsen University   accused  sexual assault  11 different women. He allegedly  quid pro quo relationships  several graduate students  hosted hot tub parties  nudity  invovled  students  present. If found guilty    suspended  even fired,  rarity  tenured professors. Based  character surveys  appears   may  grounds   accusations."
145;"A 37 year old  suspected  arson  Bavaria."
146;"A man   last name Smith   professor  Neuroscience   university  11 females  come forward  stories  sexual assault. There stories vary  private meetings  stories  parties."
147;"In August 2015  man   woman sent  link  people  draw  . They  setting   link  porn,  may  get  trouble   cameras   using  bad."
148;"Two boys damaged  beehive  damages   60k. The boys  facing charges  10k  possible juvie time."
149;"Some birds  found stuffed   drain  police brought   suspects. They report costs   $4500 dollars     evidence."
150;"Many cars   set  fire police   able  arrest someone based   sweater."
151;"A neuroscience professor   subject  controversy  many women  come     allegations  sexual assault. Even though  women  said  commented   bodies,  independent law firm  concluded   claims   ambiguous"
152;"A nest  birds  found   drain  police brought   suspects. Costs  thousands  dollars"
153;"One day  couple's shed  destroyed  housed  60 beehives, resulting  thousands  dollars  damages. A boy  girl  convicted  given  fine  $1000,   given leniency since   minors"
154;"Scammers sent fake emails  people  5%  people responded, leading   scammers earning millions  dollars"
155;"After  series  multiple arsons, police put   offer  people  catch ,   wearing   easy  identify shirt"
156;"A man  woman use  law firm's e-mail domain  scam people   money  accusing   distributing pornographic material."
157;"Graduate students accused  professor  sexual assault    lose  job    found guilty."
158;"Beginning  year,    vandal pyromaniac wreaking havoc around  German region  Bavaria. They caused $450,000 worth  damage  houses  cars. There   leads   investigation   police offered  $6,000 reward   evidence. When  happened,  black t-shirt   insignia  found  one   crime scenes. This piece  evidence  enough  convict  criminal without  reasonable doubt."
159;"Two boys  arrested  killing  beehive. They killed half   bees. They  facing jail time."
160;"Halfway   US, Indonesian police found 150 wildlife animals stuffed inside  container  holds  lot  US dollars.. It  suspected    trafficking ring. The people accused may   convicted due   alibis checking ."
161;"Scammers sent emails   group  people,  5%   people participated   emails' instructions, thus leading   scammers obtaining millions  dollars."
162;"After  police seizure  exotic birds  sold   illegal trading ring,  police attempted  open  case   ring. However, due   inconsistencies   evidence presented  eyewitnesses  ring members,  likelihood   ringleader  caught  low."
163;"A 12  13 year old  arrested  destroying  beehive,  face   10 years  jail time."
164;"Several women   students   neuroscience professor named Smith   university  come forward  allegations  sexual assault,  say   assaults took place  private meetings  parties."
165;"After  series  arson crimes  Bavaria, Germany  2018, police posted  $6,000 reward   suspect's capture,  resulted   successful arrest   man  fits  description  provided clues. Police believe   guilty."
166;"A couple's house  destroyed resulting  thousands  dollars  damage   beehives  also messed . Also,  boy  girl  charged  $1000  damage   let     minors."
167;"There   indonesian boat  150 exotic smuggled birds going  america,   caught midway"
168;"In august 2018, 30,000 emails  sent  suspected  copyright. They requested  11k  fines,   7 million already paid  realized    hoax"
169;"Professor smith   accused  sexual harassment,    witnessed  younger students  grad students."
170;"In Germany, someone lit 8 fires around cars  homes. There   ton  damage,  finally police found  shirt leading   arrest   37 yr old man. They're still doubtful   whether    accurate arrest, though."
171;"Two middle aged men  accused  hacking."
172;"Suspects  probably wrongly accused  illegally trafficking exotic birds."
173;"A man  accused  arson  fined    likely actually  person  committed  crime."
174;"Two teenagers  accused  destroying  couple's beehives  damaged  business  made  lose income. The police   made  conclusions   teenagers' guilt."
175;"A professor  accused  sexual assaulting women  various ways. He  tenure. The accusations  believable given  character judgement."
176;"A professor  accused  assaulting 11 different girls. He   suspended  even fired. From  charter tests  seems like    guilty."
177;"There   scam  Spain  sold   million  dollars   users. They asked  payment  avoid  sued,   clicked  link  took    legit law firm. About 5%   people paid."
178;"A couple  2017 woke    destroyed  farm. The responsible  two 12  13 year old kids. If found guilty.    fined  sent  juvie  10 years"
179;"A bird trafficker   find 1000  found guilty"
180;"8 fires  Germany,  biggest cause 6k  damages,   left   black shirt"
181;"30,000 Spaniards  sent  hoax email   fairly normal seeming email address. The email stated   people owed $11,000  legal fees  watching  downloading illegal pornography. 5%   people  received  email paid  fee, amounting   total  $17 million   perpetrators. After tracking  source   email   internet cafe,  police  able  find two suspects ( man  woman   50s). The video footage  unreliable,  thus    substantive identification made   video."
182;"There  four perpetrators arrested  illegally smuggling  truck full  birds   sold   US  pets. The birds  meant   sold  $10,000 . The perpetrators  face   8 years  prison."
183;"Professor Smith   accused  sexual harassment based  evidence  people  witnessed  (sexually?)  younger students."
184;"In Germany, someone lit 8 fires around cars  homes. The police  able  find  shirt   believed belonged   perpetrator,  tracked   suspect. They   sure   arrested  correct person, though."
185;"Two teens  accused  damaging  couple's beehives, thus damaging  couple's livelihood. The police   made  assumptions   teens' innocence  guilt."
186;"Scammer  Spain managed  scam millions  dollars   people. This    form   sign  button  5%  users clicked ."
187;"In Bulgaria,    extreme acts  vandalism since April 2018. The peak   chaos  8 arson attacks  resulted  $450,000 worth  damage. After offering $6,000  rewards,  people started  help find  criminals. The police   clues  help  find  perpetuators   black shirt  found  one   crime scenes. This evidence can hopefully  traced back   perpetuator."
188;"Indonesian police  able  find 150 wild life animals   container   halfway   journey   US. They suspect  animal trafficking  done   trafficking ring. The people accused may  face  legal action   help   alibis."
189;"A professor  accused  sexually assaulting several women. His actions came  shock since   tenure."
190;"Two teens   accused  negatively impacting  couple's livelihood  destroying  couple's beehive. The police   concluded whether  teens  guilty  ."
191;"One day  couple's shed  destroyed  housed  60 beehives, resulting  thousands  dollars  damages. A boy  girl  convicted  given  fine  $1000,   given leniency    minors."
192;"Professor Smith   accused  sexual harassment  11   female students. He   accused  making sexual comments,  organizing meetings  hot tubs. He may  fired."
193;"An animal trafficker  Indonesia  caught trafficking  expensive birds. They    pay  fine    $1000  convicted."
194;"Hacking made people bay fake fines  two middle aged men   identified  culprits."
195;"In Germany, someone lit fires around  town  homes  cars. One night 8 fires  lit. No one  hurt   property damage  around $450,000. Police offered  $6000 reward  information. A shirt  found belonging   suspect,  police  doubts  ."
196;"In Bavaria, Germany,   recently  8 fires set  trash cans, resulting  $450,000  damages. The police  37-year-old man   suspect,  rewarding $6000   tips   perpetrator. However,    sure     true suspect."
197;"Scammer  Spain managed  scam millions  dollars   people. This    form   sign  button  5%  users clicked ."
198;"A professor   neuroscience department  Corsen University, John Smith,  facing sexual assault claims  11 students. In  past,   spoke inappropriately  women  held nude hot-tub parties   students. A third party investigator   hired   interviewed 100 people  Smith's character. He may  forced  take leave   fired,   unheard    tenured professor."
199;"Two boys  charged  killing  beehive. They killed   bees. They  facing jail time."
200;"There   indonesian boat  50 birds,    caught midway"
201;"There   group  perpetrators illegally arrested  smuggling birds worth $10,000. Each perpetrator faces   ten years  prison."
202;"In August 2018, 30,000 hoax emails  sent. They  suspected    hoax, "
203;"A couple  2017 woke   find  farm destroyed. The accused  two 12  13 year-olds. If found guilty,    sent  juvie."
204;"In Bulgaria,   extreme acts  vandalism. These acts  vandalism cost   $450,000 dollars  damage. The vandalizers   caught  $6,000 rewards  offered   capture. Eventually,  black shirt found   crime scene served  evidence  find  guilty."
205;"A neuroscience professor   accused  multiple women  sexual misconduct. Even though several women  stated    commented   bodies,  independent law firm  ruled   evidence   vague."
206;"A couple's farm burned   2017. There  two twelve  13-year-olds  accused   go  juvie    found guilty."
207;"People  sending porn links  attract people,    cameras   low quality,  may  get  trouble  ."
208;"People  surprised   professor  found guilty  sexually assaulting multiple women, They  surprised     found guilty    tenure."
209;"There   Indonesian animal trafficker  trafficked rare birds. If   convicted,  birds    pay  1000 fine."
210;"A suspected arsonist  wearing   identifiable shirt. Police  asking  public  look  ."
211;"A couple's farm  burned   2017. There  two twelve  thirteen year olds   accused"
212;"An arsonist  wearing  identifiable shirt. Police  asking people  look  ."
213;"Thanks   routine cargo check,  Indonesian police  able  prevent  smuggling attempt. They found 150 exotic birds stuffed  drain pipes. These animals  meant   smuggled   US     sold  pets. The police arrested  four men   face   5 years  prison"
214;"A scammer  Spain managed  scam millions  dollars   people. The scammer used  sign  button  get 5%    users."
215;"Several women   students   neuroscience professor   university  come forward  allegations  sexual assault. They say  assaults took place  parties  private meetings."
216;"In December, two people discovered  beehives destroyed. The suspects  found   police   charged  destruction  property  breaking  entering. Since   minors,    charged   fine  $10,000."
217;"People  surprised   professor  found assaulting multiple women. They  surprised    found guilty    Tenure."
218;"In Bavaria, Germany,    8 car fires    cost  $450,000 dollars. The police   tip . But   find nothing."
219;"Thanks   routine cargo check, Indonesian police found exotic birds. The 150 exotic birds  found  drain pipes. They  supposed   shipped    United States   sold  pets. The police arrested four men,    face   5 years  prison."
220;"A scammer  Spain scammed millions  people. The scammer used  sign- button  scammed 5%   people."
221;"August 2018  Spain    email scam  accumulated  $17 million   scammers. Victims  sent  email  claimed    pay thousands  dollars  order  evade  lawsuit   sharing  pornographic media. The email account associated   scam email   traced   local law form  quickly disputed    hoax. By , multiple people  already paid. The location   scammers   traced   local coffee shop  clear footage revealed  man   woman   allegedly responsible   scam."
222;"John Smith,  tenured neuroscience professor,  facing sexual harassment allegations  11 students. He  reported   nude hot tub parties  students  saying inappropriate things   female students. A third party  investigating  Smith  facing  potential   fired  forced  resign."
223;"In December, two people found  beehives destroyed. The alleged suspects  minors   charged  destruction  property."
224;"Indonesian police  able  stop  smuggling attempt   stopped  truck  found  150 exotic birds  hidden  tubes  sell  pets. About  week later 4 men  arrested   involvement   exotic animal trafficking ring."
225;"At  beginning   year,  pyromaniac  causing destruction  Bavaria, causing $45,000 worth  damage  cars  houses. It   police offered  $6,000 reward   tip turned . A black shirt   insignia   led police  discover  perpetrator   events."
226;"A neuroscience professor   accused  sexual misconduct. Even though several women  said    commented inappropriately   bodies,  independent law firm  concluded   accusations   vague."
227;"Thanks   routine cargo check,  Indonesian police found 150 birds. These birds  hidden  drain pipes,    intended   brought  America   sold  pets. The police arrested four men,    face   five years  prison."
228;"A man   woman use  law firm's email domain  scam people    money  accusing   distributing pornographic material."
229;"In December, two people found  beehives destroyed. The suspects  minors   charged  destruction  property."
230;"At  beginning   year,  pyromaniac  wreaking havoc  Bavaria, causing   $45,000  damages. It   police offered  $6,000 reward  information   suspect  discovered;  insignia   black shirt led  police   suspected perpetrator."
231;"There  150 smuggled birds   found  police,   arrested 4 individuals    ones trying  bring   America."
232;"Two individuals   beehives destroyed,   suspects  minors."
233;"Professor Smith   accused  sexual harassment  people   allegedly caught    act."
234;"A pyromanic caused $45000 dollars  damages   police caught   offering  $6000 reward. The crucial clue   logo   black shirt."
235;"A man  woman conducted  email scam  netted   $17 million dollars. They    pretending    local law firm  demanding people  pay    lawsuit  unlawful distribution  pornographic materials."
236;"John Smith,  neuroscience professor,  facing allegations  sexual misconduct  11 students. Smith  accused   nude hot tub parties  female students. Smith may  removed   current position pending  investigation."
237;"In Balvaria, Germany    8 car fires,  cost  total  450,000 dollars. The police  tipped . They  find nothing.\n"
238;"In late December 2017,  couple  Iowa  checking   50 beehives,   discovered  tragic incident  occurred. Many   beehives  smashed   tools   taken    shed  destroyed,  damages totaling  60,000 dollars   loss   half  million bees. The police arrested two boys (one 13 years old    12)   alleged crime. Since   still minors   face  juvenile court,     convicted   likely spend   10 years  prison  face  charge  10,000."
239;"A couple conducted  internet scam  resulted   net gain  17 million dollars. The couple  pretend    law firm    accuse people  unlawful distribution  pornographic photos  tell   pay    crimes.\n"
240;"Indonesian police  able  stop  smuggling attempt   stopped  truck containing 150 exotic birds   hidden  tubes  sell  pets. About  week later 4 men  arrested   involvement   exotic animal smuggling ring."
241;"In late 2017  couple  Iowa found    50 beehives, many    smashed along  many   tools   shed destroyed.  This resulted   $60k  damages.  The police arrested two boys   act  destruction,  boys  12  13.  While   juveniles,   get convicted   face 10 years  prison  spend 10 years  prison."
242;"John Smith,  Neuroscience professor,  facing sexual misconduct charges  11 students.  Apparently,    nude hot tub parties  female students."
243;"In Balvaria, Germany    8 car fires  led  $450,000  damages.  The police    able  figure    responsible."
244;"Indonesian police stopped  smuggling  150 exotic birds  pulling   car   animals   going   sold  pets.  A week later, 4 men  arrested  connection   operation."
245;"A coupe conducted  internet scam     pretend    law firm   tell people   needed  pay money   law suit regarding illegal distribution  porn.  The couple made  $17m."
246;"In Balvaria, Germany, police    able  find  one responsible  8 car fires whose damages totaled ~450,000 (euros?)"
247;"In late 2017,  Iowan couple found  many   beehives  tools  destroyed. Police suspected  two boys, aged 12  13,   responsible  ~60k  damages. Police arrested  boys,     convicted,  face  possibility  10 years  prison."
248;"A couple made  $17 million  internet scams     pretend    law firm seeking damages related  ""illegal pornography distribution""."
249;"Professor Smith  accused  eleven   female students  sexual harrassment  innappropriate comments  meetings   hot tub. He might  fired."
250;"Indonesian police pulled  someone  150 exotic animals   going   sold  pets. A week later, police  arrested 4 people   involved   plan."
251;"4 individuals  arrested  smuggling 150 birds  America."
252;"Accusations  sexual misconduct   professor  deemed  vague   law firm."
253;"Police  unable  find  perpetrators   hoax email sent   large number  people  Spain."
254;"Two boys  arrested  destroying  beehives,   serve time  jail  convicted."
255;"Police arrested  person  setting multiple fires  Bavaria  causing thousands  dollars  damages."
256;"The police  Bavaria arrested  person  caused several fires  caused severe losses  money."
257;"A couple  Iowa,  December 2017, checked   50 beehives  found  smashed  overturned. There  enormous amounts  money lost  death   bees  damage  property. Two boys, aged 12  13,  suspected    culprits, although investigations  still ongoing. The boys  minors,   convicted,  face   10 years  Juvenile Court."
258;"A hoax email  sent  many people  Spain,  police  unable  find  sent ."
259;"Professor Jim Smith,   Neuroscience Department  Corsen University,  accused  sexual harassment  eleven graduate students. The accusations alleged   frequently commented  women's appearances,  quid pro quo relations   students,  held several hot tub parties, involving nudity,   students  present . An investigation   commissioned. The report  include testimony   character    100 people,   appears   situation   complex  nuanced   allegations suggest."
260;"Police  Indonesia,  carrying   routine cargo check, found several exotic birds stuffed  drain pipes   closed   end. They suspected  group  wildlife traffickers. The testimony   suspects  inconsistent,  several people's testimony indicates  guilt. They face  fine  $8000  several years  prison."
261;"A couple  Iowa   bee-farm. Two middle school boys went  destroyed  beehives."
262;"People  sending porn links   people  order  attract . The images generated   camera   low-quality though   may  get  trouble."
263;"Indonesian police arrested  person   150 exotic animals  planned  sell   pets. Later , 4  people  arrested  helped   original person."
264;"There   fires set  Bavaria, Germany. The local police   trouble figuring   caused  fires   set   $6000 reward  tips. The police  found  black shirt  led   arrest  guilty individual. It  unclear whether  found  shirt    monetary reward  ."
265;"A neuroscience professor, Jim Smith,   trial  sexually harassing  potentially sexually assaulting  graduate students."
266;"On August 30, 2018, 30,000 people  Spain received  fraud email  accused   illegally distributing pornographic content  threatened  take legal action  sue   fine  $11,500   paid    recipient. The email address   sender  faked  appear      legitimate law firm  Spain,   publically claimed  email    hoax. As  reporting,  $17 million  ""fines""  paid   recipients   fake email. Recently,  man   woman  caught  arrested  sending  fake emails   basis  security camera footage   two sending  emails   cafe. However,    recent dispute  controversy   usage   camera footage  evidence, given   quality   footage  poor     completely clear   people   recording ."
267;"Police  Indonesia carrying   routine cargo check found several exotic birds stuffed  drain pipes   closed    ends. The police suspected wildlife traffickers  arrested suspects,   inconsistent testimonies  indicated  guilt. If charged,  face  fine  $8000    9 years  prison."
268;"In late December  2017,  couple  Iowa discovered   50 beehives   hacked apart  smashed,  equipment   shed vandalized  thrown . The incident caused  death   half  million bees  around $60,000  damages. Police recently arrested two boys, aged 12  13 years old,   allegedly responsible   crime. Because   minors,  face  fine    $10,000     10 years  juvenile detention. No charges   officially pressed yet,  evidence points    responsible   crime."
269;"Some fires, possibly arson,  set  Bavaria, Germany. Police  trouble finding  leads   possible culprit   put   $6,000 reward   tips. Afterwards, police found  black shirt  led   finding  arresting  potential perpetrator   fires. It  unclear whether  monetary reward  tips   cause   new development."
270;"A neuroscience professor, Jim Smith,   trial  sexually harassing  possibly sexually assaulting  graduate students."
271;"There   fire  Bavaria Germany. Police put   monetary prize   tips   case. They ended  finding  black shirt  led   culprit. But,    know   money helped  find  black shirt."
272;"Late last year,    couple whose beehives  destroyed  garage  vandalized. Over half  million   bees  killed. Two young teenage boys  arrested  connection   crime,  evidence points heavily towards ,     yet  formally charged   crime."
273;"A neuroscience professor, John Smith,  now  trial    sexually harassing  potentially sexually assaulting    grad students."
274;"Recently, many people  Spain  sent  email asking   pay  fine  else    sued   crime. These people  paid many, many dollars. The email came   reputable law firm,   firm reports     hoax. A man  woman   arrested  connection   crime   camera footage  makes  culpable. However,  controversial,  people debate whether camera footage can  used   scenario,  footage  blurry,    clear   people    video."
275;"Police  Indonesia    usual cargo check found exotic birds stuffed  pipes   closed   ends. Wildlife traffickers  suspected   crime,   inconsistent testimonies. If charged,  face 9 years  prison  many, many dollars  fines."
276;"Recently,  email  released  convinced people  needed  pay  fine.  These people paid  lot  money.  The email appeared  come   reputable law firm,   firm reports     hoax.  Now,  man   woman  suspected    involved   crime,   appear  camera footage  connects    crime.  However, usage   footage  controversial, since  footage  blurry   hard  tell     video."
277;"Since mid-April 2018,  region  Bavaria, Germany,  faced  problem  arson.  Many fires   started  arsonists lighting  trash cans   objects near people's houses,  damages around $450,000.  Nothing happened  police offered  reward  $6000  every tip.  Police  found  critical clue-- crumpled- black shirt bearing  unique design, found near one   crime scenes-- connects  certain man   crime.  However,   sure   evidence  strong enough  convict ."
278;"Late last year,  couple's garage  beehives  vandalized.  Over half  million bees died.  Two teenage boys   arrested  conjunction   crime,     charged yet."
279;"A neuroscience professor, John Smith,  now  trial    sexually harassing  also potentially sexually assaulting grad students."
280;"Police  Indonesia   routine checks found exotic birds stuffed  pipes   closed   ends.  Wildlife traffickers  suspected   crime.  There  enough evidence yet,   caught,   face   9 years  prison  high fines."
281;"A man  woman  suspected   involved   crime, including fraudulent fine bills,   sent  various people, causing   wrongly pay large sums  money. However,    presently sufficient evidence  confirm  guilt."
282;"Two teenage boys   arrested  suspicion  vandalizing  couple's beehive. This action caused  death  millions  bees. These boys   yet  charged   crime."
283;"Following  man-made fire  Bavaria, Germany,  black shirt constituted sufficient evidence  lead  police   arsonist guilty  causing . However,   unclear whether  finding   result   monetary prize   police offered  exchange  evidence relating   case."
284;"In Indonesia,  maximum penalty  stuffing exotic birds  pipes  heavy fines  9 years  prison. When  incidence    crime occurred,  police suspected  wildlife traffickers  responsible   crime."
285;"There  allegations  Professor Jim Smith  Neuroscience  Corsen University    guilty  sexual harassment. Evidence   includes  testament   100   students   character,  well   stories  11 women. Accusations   include   forced students  come   house  private meetings, commented   female students' appearance,  hosted hot tub parties  included nudity. If found guilty,  faces fines  potential firing."
286;"Beginning  April 2018,     series  arson crimes occurring  Germany. The damage caused   crimes  amounted  nearly $450,000. Recently,  police   offering rewards    $6000 per tip given, resulting   clues. Though  police  found certain evidence linking one man   crimes,   unsure   evidence -  uniquely labeled shirt-  enough  convict ."
287;"A neuroscience professor, Jim Smith   accused   sexual harassment. 11 women    former graduate students came forward  stories. He   things   force students   meetings     home, host hot-tub parties,  comment   girls' appearances. If  professor  found guilty  sexual harassment,   either  suspended   long period  time  fired."
288;"Two teenage boys  arrested  vandalising  couple's beehive. The damage resulted   death  millions  bees."
289;"A man   woman  suspected   involved  writing fraudulent fine bills,   sent  people  resulted   wrongly paying  couple large sums  money. However,   still  evidence  confirm    indeed guilty."
290;"Indonesian police  able  prevent  smuggling attempt   routine cargo check. The police found 150 birds stuffed  pipes. The animals,   supposed   transported   US,  worth  $250,000. A week   discovery   smuggling attempt,  police arrested four men. While  suspects    convicted,   several eyewitness reports,   lack  consistency   suspects'  testimonies suggests     likely guilty."
291;"Indonesian police  able  stop  smuggling attempt. They found 150 birds smuggled  pipes,     worth $250,000     able  smuggle . The police arrested four men  connection   case. There  several eyewitnesses,   lack  consistency   reports given   4 men. Because  ,   highly likely    charged   crime."
292;"A neuroscience professor, Jim Smith,  accused  sexual harassment. 11 women,  former graduate students,  come forward  accuse . He  accused   meetings   home, commenting  female student's appearances,   hot tub parties  involve nudity. If found guilty,    fired  go  jail   long time."
293;"In December  2017,  12  13 year old inflicted $60,000 worth  damage  beehives  hacking  . They destroyed someone's livelihood  . Because   -18,    tried  juvie court."
294;"After  man-made fire  Germany,  black shirt  enough evidence   police  convict  arsonist. However,   unclear whether    result   police issuing  monetary reward  evidence regarding  case."
295;"On August 30, 2018, 300,000 people  Spain received scam emails claiming  person needed  pay $11,500. The subject line  ""Important-- please respond""  said   person  receive punishment    pay  fine. The email  traced   law firm  determined    scam. Before  police shut  , 5%   people  paid  ""fine."" They trace  email   internet cafe   people  sent  email,  used video surveillance  determine    man  woman ( 52 years old)  sent  email. They tracked  ,   2 people  facing legal action  jail time, especially   surveillance video   high quality."
296;"There   many crimes involving arson  Germany,  damages totaling  $400,000. Tips  solve  crime  valued around $6000. One tip   uniquely labeled shirt,  police  sure   evidence  enough  convict  suspect."
297;"Two teenagers vandalized  beehive belonging   couple. Half   bees tragically died,  lots  money  lost."
298;"Professor Jim Smith  Neuroscience  charged  sexual harassment based  100 people testifying   character   stories  11 women. He hosted hot tub parties  involved nudity."
299;"Four men  arrested  smuggling birds. They  caught   cargo check."
300;"A high-quality surveillance video found   man  woman  sending scam emails titled ""Important-- Please Respond""  people asking  money. 5%  people fell   scam  sent  money."
301;"11 woman accused  professor  sexual assault. 100 people  testified  . He  accused   hot tub parties   women  involved nudity"
302;" 37 year old set fire   town    alot  damage.  found    investigating"
303;" man  woman  scamming people  people found   surveillance videos.   sending email  title ""important- please read""  scamming people  money,  5% fell  "
304;"two teenagers vandalized  beehive belonging   couple. half  bees died     lot  cost damage."
305;"4 men  caught trying  smuggle birds worth 250,000$.   caught  arrested  charged   crime"
306;"There   group  people scamming people  money using email. They got money  5%   targets. The public found    surveillance videos."
307;"There   fire set   town,  investigating   found    57 year old man responsible"
308;"11 women  accused  graduate professor  sexual harassment. There   number  inappropriate events including nude hot tub parties. If found guilty  professor  lose  job."
309;"Two teenagers destroyed  beehive, killing half   bees  causing  lot  damage. The beehive  owned   couple."
310;"The Indonesian police stopped  smuggling attempt  150 exotic birds worth ~$250,000. The police  aided   anonymous tip."
311;"Teacher  inappreiate   grad students  may lose  job"
312;"4 men got caught smuggling 250000 dollars  got arrestsd\n"
313;"People got arrested  got  trouble   email scam"
314;"Under 18 year olds wrecked someones lively hood"
315;"57 year old man set  fire   town\n"
316;"Two teenagers destroyed  beehive, killing half   bees  causing lots  damage. The beehive  owned   couple."
317;"There   many crimes involving arson  Germany,   total damages   around $400,000. Tips  information  suspects  around $6,000. One   tips   uniquely labeled shirt,  police  unsure    enough evidence  convict  suspect."
318;"There   group  people scamming  people  money using email. They got money  5%   targets. The public found    surveillance video."
319;"The Indonesian police stopped  attempted smuggling  ~150 exotic birds worth around $250,000. The police  aided   anonymous tip."
320;"A professor   neuroscience department  Corsen University  recently  accused  sexual harassment. This professor, Jim Smith,   accused  11 female former graduate students. They  come forward  stories  accusations involving frequent comments  graduate students' appearance,  hosting hot-tub parties involving nudity   students  present. \nAn external law firm   commissioned  perform  external investigation. If  findings  serious, Smith   indefinitely suspended,  even fired,   uncommon  tenured professors.\nA report   commissioned   professor's character    100 sources documenting  behavior  character. This report shows   allegations  less clear-cut   may originally seem."
321;"Two teenagers destroyed  beehive belonging  two old people, killing half  bees."
322;"A scam email  sent   thousands  people  spain declaring   recipients  infringed copyright  distributing pornographic content   now required  pay  $11,000 fine. Ultimately,  5%   recipients paid  scammers, resulting   net profit   $17 million  . Weeks later,  emails  traced   internet cafe  security footage  probed  arrest  man   woman   suspected   crime. However,  footage   clear."
323;"Aided   anonymous tip, Indonesian police confiscated  bunch  birds worth around $250K  total"
324;"In  last eight months, Bavaria  suffered  series  arson crimes whose damages stretch   hundreds  thousands. They've now arrested  subject   believe  guilty without  doubt."
325;"  100 people   testified   professor, 11  accused   sexual assault. He allegedly  nude hot tub parties."
326;"In August  2018, 30,000 emails  sent  unsuspecting patrons, accusing   illegally distributing pornographic content,  asking   pay $11,500  remedy  situation. When  clicked  link   email,   take    legitimate law firm's website. The law firm denounced  senders   emails, accusing   fraud. Police investigated  discovered  emails  sent   internet cafe. When looking   footage   cafe's security cameras,  discovered  man  woman responsible   crime. If caught,    facing   nine years  prison. So far, 5%  email recipients  paid  supposed costs, totaling $17 million sent   scammers."
327;"In December  2017,  couple checking   beehives discovered  fifty     overturned, smashed,  destroyed. This caused  death  millions  bees,  damages   $60,000. They contacted local authorities,   two boys (12  13 years  age)   allegedly responsible   crime. If convicted,   charged   series  offenses, including burglary  damage  private property."
328;"Aided   anonymous tip,  Indonesian police confiscated  bunch  birds worth  $250K dollars  total."
329;"A professor   neuroscience department  Corsen University   accused  sexual harassment  11 former graduate students. Accusations include inappropriate comments  graduate students' appearance,  hot-tub parties,    students  encouraged  attend.If convicted,  professor  potentially  fired,   uncommon  tenured professors. In order  investigate  claims,  university put   report detailing    claims. This report shows   claims may    clear cut   seem."
330;"There   many crimes involving arson  Germany,   damaged  totaled $40,000. Tips   crimes   $6,000. One   tips   uniquely tagged shirt, although officials  unsure whether   enough  convict  suspect."
331;"Over  past  months, Bavaria  suffered  series  arson crimes, whose victims stretch  hundreds  thousands. The people  Bavaria believe   found guilty  one responsible   crimes."
332;"Of  100 people  testified   professor, 11 found  guilty  sexual assault. He allegedly  nude hot tub parties."
333;"A scam email  sent  thousands  people  Spain accusing  recipients  infringing copyright  distributing pornographic material,  demanded  $11,000 fine. Of  recipients, 5% actually paid  fine, resulting   net profit  $17,000   senders   email. Weeks later,  email  traced back   cafe  footage found  man   woman,   thought   responsible   scam. However,  footage   clear."
334;"Thanks   routine cargo check, Indonesian police  able  prevent  smuggling attempt. 250 tropical birds  found   stuffed inside plastic tubes  wires attached   end. The police believed     work   wildlife smuggling ring. Weeks later,  police arrested four men   believed  responsible   smuggling, charging  extensive fines  four years  prison    found guilty. The case  supported  multiple eyewitness reports   smuggling. On   hand,  men's testimonies  many inconsistencies, thereby potentially indicating  involvement."
335;"In late December 2017,  couple  Iowa  checking   50 beehives   stumbled upon  tragic scene. All 50 beehives appeared   smashed, along   farm shed containing   equipment, incurring  total  50 million bee deaths  $60,000  property damages. The police found two children (12 years  13 years) potentially responsible   crime. They   tried  juvenile court. If found guilty    accused  burglary  damage   animal farm, resulting  ten years  prison   fine  $10,000. The evidence strongly points   children  responsible   damages."
336;"In December 2017,  couple    lot  new hives found  every single one    destroyed,  amounted   60,000  damage. The suspects  two boys (12  13 year old)     convicted   face serious charges  trespassing  damage  property."
337;"A professor   suspected   sexual harassment   11 students. He asked invited   hot tub parties  commented  appearance. He  lose  job    convicted,   uncommon  tenured professors. The allegations aren’t  consistent though,    unclear   happen next."
338;"Two people sent  30,000 emails   people claiming   owed 11,500 dollars  charges  distributing pornographic images. There   link   actual law firms website   firm found   contacted authorities. It  discovered   emails  sent   Internet cafe   camera caught  man   woman  camera   time   sent. They’ve already gained 17 million dollars  scamming people    get   lot  trouble   crimes."
339;"Aided   anonymous tip,  Indonesian police consciences 250k worth  birds."
340;"Over  past  months, Bavaria  suffered  series  crimes,   arson. They believe  found  suspects."
341;"indonesian police prevented  smuggling attempt.  found 250 birds inside tubes. They arrested  men   testimonies  line     might  guilty"
342;"There   scam  Spain   email  sent asking  11K  something    pornographic materials. There   couple   suspected   done    footage  spotted    cafe  clear."
343;"There   lots  crimes  recent months  Bavaria   think    suspects"
344;"In December 2017 someone's hives  damaged   $60,000  damage. The suspects  two boys, 12  13 years old,    face punishment  found guilty."
345;"A professor  Corsen University  charged  sexual assault  11 different people     found guilty    terminated   job."
346;"A professor  accused  inappropriate sexual conduct. He invited  students   hot tub  made  comments   appearance. He  definitely lose  job  convicted. However,  evidence   conclusive."
347;"Police found exotic birds    smuggled   cargo ship. They found  150   specimens within  pipe, sealed    sides  wires. These birds  thought    going   United States   sold  pets,    fetch  price   250000 dollars. A wildlife trafficking ring  suspected. A week   shipment  found,  police arrested 4 men. If convicted,   face   5 years  prison     8000 dollar fine. However,   arrested  due   anonymous tip,     alibis   crime committed. Therefore,   unlikely     convicted."
348;"There   scam  spain  asked  11K  relation   sort  pornographic materials. There  reports   couple  suspected   case,   footage  found     cafe   clear."
349;"In December 2017, two couples  operate  bee farm found  hives destroyed. Around 50 hives  smashed,  inhabitants dead. Millions  bees  killed,   couple incurred 60000 dollars  damages. Two young children  ages 10-12  suspected. If convicted,   go  juvenile prison    10 years  burglary  damaging property. Much   evidence points    guilty."
350;"In April 2018,  series  arsons occured  Bavaria, Germany. The arsons ranged  trash cans  town houses,   many  6 fires started  one night. These fires incurred  200000 dollars  damages. Though  manhunt  slow,  6000 dollar reward  information eventually became fruitful. A unique black shirt found  one   crime scenes may    crucial clue. A 37 year old man  arrested,   evidence leaves little doubt    guilty."
351;"There   string  deliberate arsons  Bavaria, Germany   long period  time. As many  6 fires  started  one night,   caused  extreme amount  damage -  much  200,000 dollars. A black shirt  discovered   key clue   6,000 dollar reward  offered,   37 year old man  arrested. He  presumed guilty."
352;"A man   woman  caught emailing thousands  people (11,500,   exact) attempting  elict money   due   viewing  pornographic videos. An investigation  launched,   man   woman  found   behind  scheme."
353;"A professor  Corsen University  charged  sexual assault  11 people   convicted   lose  job."
354;"In December 2017, someone's hives sustained damage    60,000 dollars. The culprits, two young boys ages 12  13,  face punishment  found guilty."
355;"Many exotic birds   smuggled   cargo ship, hidden inside pipes. More  150 birds  attempted   smuggled. The police suspected  wildlife trafficking ring,  arrested 4 men    put  prison    5 years  fined   8,000 dollars. However,  men   alibis   crime    arrested based   anonymous tip,    likely  go free."
356;"There   series  6 deliberate arsons  Bavaria Germany  happened   extended period  time. An extreme amount  damage,  much  200,000 dollars,  caused. A black shirt  6000  used  clues  find  suspect."
357;"In December 2017,  couple found  bee-hives destroyed. Millions  bees died   60,000 dollars  damage  incurred. Two children  10-12 years old  suspected. They may face   10 years  juvenile  burglary. Evidence strongly suggests  guild."
358;"More  150 exotic birds  attempted   smuggled   cargo ship, hidden  pipes. Police arrested four men    sentenced  5 years   fine,   four men   alibi   arrested   anonymous tip,    probably go free."
359;"A man  women  caught emailing 11,500 people attempting  elicit money    watching pornographic videos."
360;"A professor  Corsen University  charged  sexual assault  11 people,   convicted,   lose  job."
361;"There   professor   convicted   inappropriate behavior. He invited  students   hot tub   made comments   appearance. He   sure going   kicked ."
362;"There  six deliberate arsons  happened  Germany. It caused  total  200,000  damage. And something  6000  used  find  suspect."
363;"Indonesian police found  smuggling attempt. They found 250 birds stuck  tubes. They lined    interrogated . But  stories  add     sure   guilty."
364;"There   scam  Spain   related  pornographic material. It involved 11k   footage   couple   Cafe    sure."
365;"In December 2017,   two hives   broken . Two teenagers  convicted  smuggling  stealing."
366;"There  6 deliberate arsons  Germany. Hundreds  thousands  impacted   caused thousands  damage"
367;"In December 2017,  couple found damage   apartment   region  $60,000. Two teenagers  suspected."
368;"Indonesian police interrogated two suspects   smuggling attempt. Since  stories  line ,   found guilty."
369;"A cornell Professor  charged  assaulting 11 people. If found guilty,   lose  job."
370;"Two scammers sent   email scaring alleging   recipient  engaged  copyright infringement. The scammers made millions  dollars,   arrested  police"
371;"In late December 2017,  couple  Iowa  checking   50 beehives   discovered  tragic scene. The hives   overturned  hacked apart,   equipment   thrown    shed  smashed. This destruction caused  death   half  million bees  approximately $60,000  property damage. Nearly three weeks later, police arrested two boys (12  13 years old) , allegedly,  responsible   damage. The charges   include criminal mischief, burglary,  offenses   agricultural animal facility. Since   still minors,    charged  juvenile court   face   10 years  prison  fines    $10,000  convicted. Police officials explained   investigation  still  progress,   evidence  far  warrant rushed conclusions   guilt   suspects."
372;"In late December 2017,  couple  Iowa  checking   50 beehives   discovered  tragic scene. The hives   overturned  hacked apart,   equipment   thrown    shed  smashed. This destruction caused  death   half  million bees  approximately $60,000  property damage. Nearly three weeks later, police arrested two boys (12  13 years old) , allegedly,  responsible   damage. The charges   include criminal mischief, burglary,  offenses   agricultural animal facility. Since   still minors,    charged  juvenile court   face   10 years  prison  fines    $10,000  convicted. Police officials explained   investigation  still  progress,   evidence  far overwhelmingly speaks   guilt   suspects."
373;"Since mid-April 2018,  region  Bavaria, Germany,  faced  series  fires set  one   vandals  ignited trash cans,  car,  even  entire town house. At  peak, 8 different fires  started   single night. Fortunately, nobody  hurt,   material damages  estimated  around $450,000. The police   make significant advances  finding  perpetrator   publicly offered  reward  $6000   helpful tip. A crumpled- black shirt found  one   crime scenes  bearing  unique design may    critical clue. About  week ago,  police arrested  37 year old suspect  charges  second-degree arson. If found guilty,   face   10 years  prison. According  recent reports though, experts  believe   existing evidence clearly points  ."
374;"Since mid-April 2018,  region  Bavaria, Germany,  faced  series  fires set  one   vandals  ignited trash cans,  car,  even  entire town house. At  peak, 8 different fires  started   single night. Fortunately, nobody  hurt,   material damages  estimated  around $450,000. The police   make significant advances  finding  perpetrator   publicly offered  reward  $6000   helpful tip. A crumpled- black shirt found  one   crime scenes  bearing  unique design may    critical clue. About  week ago,  police arrested  37 year old suspect  charges  second-degree arson. According  recent reports, experts believe   existing evidence leaves  doubt   guilt."
375;"Thanks   routine cargo vessel check,  Indonesian police  able  prevent  smuggling attempt. They found  150 exotic birds stuffed  plastic drain pipes   sealed   end   wire. The animals  meant   transported   US,      sold  pets. Officials assume   operation  planned  executed   wildlife trafficking ring. This delivery    worth approximately $250,000. Nearly one week  discovering  illegally captured birds,  police arrested four men  purportedly attempted  commit  smuggling. The suspects face   five years  prison   fine    $8000  found guilty. The case rests   anonymous tip,  provides   weak case   suspects' guilt. Moreover,  four suspects appear   plausible alibis. Thus,  seems  unlikely    involved."
376;"Thanks   routine cargo vessel check,  Indonesian police  able  prevent  smuggling attempt. They found  150 exotic birds stuffed  plastic drain pipes   sealed   end   wire. The animals  meant   transported   US,      sold  pets. Officials assume   operation  planned  executed   wildlife trafficking ring. This delivery    worth approximately $250,000. Nearly one week  discovering  illegally captured birds,  police arrested four men  purportedly attempted  commit  smuggling. The suspects face   five years  prison   fine    $8000  found guilty. The case rests  several eyewitness reports,  provide   strong case   suspects' guilt. Moreover,  suspects' testimonies   found  contain inconsistencies. Thus,  seems  likely    involved."
377;"A professor   Neuroscience department  Corsen University   accused  sexual harassment. 11 women,    former graduate students   department,  come forward  stories  Prof. Jim Smith. The list  allegations  Smith includes frequently commenting  women's appearance, forcing students   meetings     private home,  hosting several hot-tub parties  included nudity,  students  present . Witnesses also claim    well-known  Smith engaged   series  quid pro quo sexual relationships   female graduate students. An independent investigation   external law firm  commissioned. If found guilty  sexual harassment, Smith may  suspended   indefinite amount  time  even fired,  rarity  tenured professors. The report   official investigation  based  testimony   character   100   current  former students,  indicates   facts  much less clear   original allegations suggest."
378;"A professor   Neuroscience department  Corsen University   accused  sexual harassment. 11 women,    former graduate students   department,  come forward  stories  Prof. Jim Smith. The list  allegations  Smith includes frequently commenting  women's appearance, forcing students   meetings     private home,  hosting several hot-tub parties  included nudity,  students  present . Witnesses also claim    well-known  Smith engaged   series  quid pro quo sexual relationships   female graduate students. An independent investigation   external law firm  commissioned. If found guilty  sexual harassment, Smith may  suspended   indefinite amount  time  even fired,  rarity  tenured professors. The report   official investigation  based  testimony   character   100   current  former students,  indicates  Smith clearly showed  pattern  predatory behavior."
379;"On August 30 2018, 30,000 internet users  Spain received  email   subject line 'Immediate response required - copyright infringement'. In  emails,  recipients  accused  illegally distributing pornographic content   instructed  pay $11,500   end  September  avoid  lawsuit. Searching   email address online leads   official law firm website located  Barcelona. Shortly   emails  sent ,  law firm disowned , calling   hoax. So far, police officials estimate  approximately 5%   recipients  paid  money. This sums    $17 million    paid   scammers. Now, nearly 4 weeks later,  police  tracked   internet cafe    emails  sent. After observing  cafe's camera footage,  police arrested  man   woman ( 52)   allegedly responsible   scam. If found guilty,  face   9 years  prison. However, news outlets recently acquired access   camera footage  found   video material    poor quality  therefore potentially unreliable."
380;"On August 30 2018, 30,000 internet users  Spain received  email   subject line 'Immediate response required - copyright infringement'. In  emails,  recipients  accused  illegally distributing pornographic content   instructed  pay $11,500   end  September  avoid  lawsuit. Searching   email address online leads   official law firm website located  Barcelona. Shortly   emails  sent ,  law firm disowned , calling   hoax. So far, police officials estimate  approximately 5%   recipients  paid  money. This sums    $17 million    paid   scammers. Now, nearly 4 weeks later,  police  tracked   internet cafe    emails  sent. After observing  cafe's camera footage,  police arrested  man   woman ( 52)   allegedly responsible   scam. If found guilty,  face   9 years  prison. Moreover, news outlets recently acquired access   camera footage  found   video material    high quality  therefore undoubtedly reliable."
